ID,NAME,ADDRESS,CONTACT NUMBER,DATE OF BIRTH,MEMBER SINCE,VALIDITY EXPIRY DATE
1,Ram,Bangalore,9912345678,4-10-1993,NULL,NULL
2,Robert,Delhi,9585123456,6-2-1997,1-1-2012,12-3-2021
3,Rahim,Hyderabad,9585123435,9-3-2000,NULL,NULL
4,Raju,Chennai,9585123458,3-1-1986,NULL,NULL
5,Rohit,Kolkata,9585123123,4-10-1993,1-1-2014,12-3-2020
6,Abhilash,Bangalore,9912345679,1-2-1987,NULL,NULL
7,Abhijith,Bangalore,9912345618,2-3-2000,1-2-2012,1-1-2022
8,Akhilesh,Bangalore,9912345628,3-7-1996,NULL,NULL
9,Aarav,Bangalore,9912345638,4-11-1993,NULL,NULL
10,Bhuvan,Bangalore,9912345648,5-2-1997,1-2-2014,1-1-2021
11,Bheem,Bangalore,9912345658,6-3-2000,NULL,NULL
12,Bharath,Bangalore,9912345668,7-7-1996,1-3-2012,1-2-2022
13,Chandu,Bangalore,9912345688,8-10-1993,NULL,NULL
14,David,Bangalore,9912345698,9-3-1997,NULL,NULL
15,Dora,Hyderabad,9712345679,9-3-2000,1-3-2014,1-2-2021
16,Deepthi,Hyderabad,9712345618,2-7-1996,NULL,NULL
17,Farah,Hyderabad,9712345628,3-10-1993,1-4-2012,1-3-2022
18,Fathima,Hyderabad,9712345638,3-2-1997,NULL,NULL
19,Geetha,Hyderabad,9712345648,4-3-2000,NULL,NULL
20,Ganga,Hyderabad,9712345658,5-1-1984,1-4-2014,1-3-2021
21,Gabreil,Hyderabad,9712345668,6-10-1993,NULL,NULL
22,Hansika,Hyderabad,9712345688,7-2-1997,1-5-2012,1-4-2022
23,Hritikh,Hyderabad,9712345698,8-3-2000,NULL,NULL
24,Hamsa,Hyderabad,9712345678,9-1-1996,NULL,NULL
25,Ieswarya,Chennai,9612345679,10-10-1993,1-5-2014,1-4-2021
26,Indu,Chennai,9612345618,11-10-1993,NULL,NULL
27,India,Chennai,9612345628,12-2-1997,1-6-2012,1-5-2022
28,Jansi,Chennai,9612345638,2-3-2000,NULL,NULL
29,Jagan,Chennai,9612345648,1-1-1996,NULL,NULL
30,Julie,Chennai,9612345658,5-10-1993,1-6-2014,1-5-2021
31,Kavitha,Chennai,9612345668,7-2-1997,NULL,NULL
32,Kalpana,Chennai,9612345688,9-3-2000,1-7-2012,1-6-2022
33,Kiran,Chennai,9612345698,12-7-1996,NULL,NULL
34,Lavanya,Chennai,9632345679,2-10-1993,NULL,NULL
35,Lilly,Chennai,9632345618,4-2-1997,1-7-2014,1-6-2021
36,mahesh,Chennai,9632345628,6-3-2000,NULL,NULL
37,mohan,Chennai,9632345638,8-1-1996,1-8-2012,1-7-2022
38,muneer,Chennai,9632345648,10-1-1993,NULL,NULL
39,Mohith,Chennai,9632345658,12-2-1997,NULL,NULL
40,Ola,Chennai,9632345668,3-3-2000,1-8-2014,1-7-2021
41,praveeen,Chennai,9632345688,6-1-1996,NULL,NULL
42,Parveen,Chennai,9632345698,9-1-1980,1-9-2012,1-8-2022
43,Prabha,Kolkata,9412345679,12-2-1997,NULL,NULL
44,Qureshi,Kolkata,9412345618,2-3-2000,NULL,NULL
45,Ravish,Kolkata,9412345628,6-1-1976,1-9-2014,1-8-2021
46,Radha,Kolkata,9412345638,10-10-1993,NULL,NULL
47,Ramba,Kolkata,9412345648,1-2-1991,1-10-2012,1-9-2022
48,Ravali,Mysore,9412345658,5-3-2000,NULL,NULL
49,Sampath,Mysore,9112345668,9-1-1986,NULL,NULL
50,Sameer,Mysore,9232345688,11-10-1993,1-10-2014,1-9-2021
51,Sudheer,Mysore,9122345698,4-10-1983,NULL,NULL
52,Yamuna,Mumbai,9012345678,9-2-1977,1-11-2012,1-10-2022
53,Zaheer,Mumbai,9014345678,3-3-2000,NULL,NULL
